[
  {
    "id": 1,
    "text": "a",
    "children": [
      {
        "id": 2,
        "text": "b",
        "parent": 1,
        "children": [
          {
            "id": 3,
            "text": "c",
            "parent": 2
          }
        ]
      },
      {
        "id": 4,
        "text": "x",
        "parent": 1
      }
    ]
  },
  {
    "id": 5,
    "text": "CHANGES"
  },
  {
    "id": 6,
    "text": "LICENSE"
  },
  {
    "id": 7,
    "text": "oops",
    "children": [
      {
        "id": 8,
        "text": "hii",
        "parent": 7
      }
    ]
  },
  {
    "id": 9,
    "text": "README"
  }
]
